,Risk,group
0,5.404370043429244,1.0
1,5.634442034347844,3.0
2,5.492661389818506,1.0
3,5.4347133374532905,1.0
4,5.468546794926896,1.0
5,5.578119864469526,2.0
6,5.509788807337831,2.0
7,5.607195545407157,3.0
8,5.491092237160715,1.0
9,5.451019843196773,1.0
10,5.539064767583824,2.0
11,5.463547025247975,1.0
12,5.522691399696113,2.0
13,5.800818536256428,3.0
14,5.464671588660655,1.0
15,5.62605892803508,3.0
16,5.483266335063645,1.0
17,5.570689089437879,2.0
18,5.608572325762456,3.0
19,5.42246070060051,1.0
20,5.432311159910569,1.0
21,5.557524048686132,2.0
22,5.445445470874602,1.0
23,5.565611287288258,2.0
24,5.481766076173329,1.0
25,5.57041090983906,2.0
26,5.590580275247354,2.0
27,5.421674799652121,1.0
28,5.547214642352653,2.0
29,5.470299481367204,1.0
30,5.5764282136422585,2.0
31,5.435208577333892,1.0
32,5.468114772621774,1.0
33,5.437135826614043,1.0
34,5.752981713619696,3.0
35,5.55418780201179,2.0
36,5.793389487371031,3.0
37,5.535183120952688,2.0
38,5.4641608759277664,1.0
39,5.48589313657756,1.0
40,5.514298558267015,2.0
41,5.614358017707069,3.0
42,5.856630355193407,3.0
43,5.584234286708988,2.0
44,5.740346522104906,3.0
45,5.493699885639018,1.0
46,5.567667087091062,2.0
47,5.613573638861714,3.0
48,5.483406359127699,1.0
49,5.494500323560591,1.0
50,5.478377062268677,1.0
51,5.415821794217001,1.0
52,5.466921439160004,1.0
53,5.55525938821208,2.0
54,5.503761919842074,2.0
55,5.572317629793522,2.0
56,5.482530089178274,1.0
57,5.651841472420325,3.0
58,5.67934541007051,3.0
59,5.558019037965963,2.0
60,5.58781444430024,2.0
61,5.441876574348486,1.0
62,5.622412463175474,3.0
63,5.4444494020023555,1.0
64,5.481040159395522,1.0
65,5.5010428508185765,2.0
66,5.5657734393758265,2.0
67,5.439748277713402,1.0
68,5.482259097536361,1.0
69,5.506672099463716,2.0
70,5.6323386219814715,3.0
71,5.567847713271085,2.0
72,5.560997233610773,2.0
73,5.555181329042497,2.0
74,5.460183019605227,1.0
75,5.444643877883182,1.0
76,5.496928349238437,1.0
77,5.539103054397866,2.0
78,5.4622075299872295,1.0
79,5.449887902170897,1.0
80,5.585247019483804,2.0
81,5.4424370435245155,1.0
82,5.459152499775241,1.0
83,5.839236557925383,3.0
84,5.467438407097553,1.0
85,5.568905349448086,2.0
86,5.487093693116731,1.0
87,5.754214137633141,3.0
88,5.397047079476511,1.0
89,5.7980239571237195,3.0
90,5.597621960704456,2.0
91,5.527581362630981,2.0
92,5.4312254670701865,1.0
93,5.833758392894482,3.0
94,5.549709001479504,2.0
95,5.462568008173156,1.0
96,5.532846528006379,2.0
97,5.458668798377953,1.0
98,5.462429107381448,1.0
99,5.536765992803984,2.0
100,5.50951833517184,2.0
101,5.549893324129485,2.0
102,5.473163871491772,1.0
103,5.418797272793462,1.0
104,5.489780772006796,1.0
105,5.470247523742056,1.0
106,5.531525123649439,2.0
107,5.448261213398068,1.0
108,5.431806545742317,1.0
109,5.474960066920962,1.0
110,5.467421987739419,1.0
111,5.8099751993910695,3.0
112,5.725237593928485,3.0
113,5.4858529924988675,1.0
114,5.493432919247012,1.0
115,5.465075592675583,1.0
116,5.46869376592194,1.0
117,5.458384398453844,1.0
118,5.566586028411578,2.0
119,5.757061219056064,3.0
120,5.560395639018441,2.0
121,5.4442271102526165,1.0
122,5.472212179021882,1.0
123,5.651698953876785,3.0
124,5.744947184652936,3.0
125,5.578115690128355,2.0
126,5.5852310940288366,2.0
127,5.577824014206856,2.0
128,5.485732427176635,1.0
129,5.781831994025845,3.0
130,5.482019052681166,1.0
131,5.456890594587382,1.0
132,5.580131236075151,2.0
133,5.507753677383192,2.0
134,5.684249532959301,3.0
135,5.575444939453831,2.0
136,5.593040955001335,2.0
137,5.425027865937426,1.0
138,5.594680508620028,2.0
139,5.605194237907025,3.0
140,5.484770177049972,1.0
141,5.840362658550935,3.0
142,5.462127400100761,1.0
143,5.583433467997365,2.0
144,5.491442651581839,1.0
145,5.492900796335119,1.0
146,5.559361258441531,2.0
147,5.469135710993348,1.0
148,5.445559044532758,1.0
149,5.459633696462527,1.0
150,5.53042340958692,2.0
151,5.489988031885635,1.0
152,5.484219804418207,1.0
153,5.460582389676583,1.0
154,5.573223407087398,2.0
155,5.432548093615743,1.0
156,5.873910487013887,3.0
157,5.472465914412081,1.0
158,5.497020311312065,1.0
159,5.438050411811283,1.0
160,5.446262578729492,1.0
161,5.516484410018102,2.0
162,5.4559319125259576,1.0
163,5.568700902844313,2.0
164,5.497779984709533,1.0
165,5.508870785843822,2.0
166,5.469218583539701,1.0
167,5.506023409031439,2.0
168,5.438533637776596,1.0
169,5.453877619926326,1.0
170,5.45732541177633,1.0
171,5.4737284754081745,1.0
172,5.553064638802339,2.0
173,5.481868610325517,1.0
174,5.526960087548281,2.0
175,5.46779861868737,1.0
176,5.470974058147779,1.0
177,5.667698787281277,3.0
178,5.455455098017915,1.0
179,5.552319135886744,2.0
180,5.58865348615364,2.0
181,5.557642727544046,2.0
182,5.584118524400676,2.0
183,5.5961969291567,2.0
184,5.58636537752079,2.0
185,5.478028946650557,1.0
186,5.439589788990914,1.0
187,5.588293076689788,2.0
188,5.713417619859102,3.0
189,5.496357716246602,1.0
190,5.510244021155738,2.0
191,5.583831879830684,2.0
192,5.475371170317204,1.0
193,5.478700952092079,1.0
194,5.616131587228199,3.0
195,5.49471193500393,1.0
196,5.461004227038133,1.0
197,5.473562509763263,1.0
198,5.448997174864757,1.0
199,5.495315026454855,1.0
200,5.5679850920762926,2.0
201,5.498596214540931,1.0
202,5.802734597764254,3.0
203,5.421169563644314,1.0
204,5.72967737600824,3.0
205,5.570266403626883,2.0
206,5.595066205615991,2.0
207,5.5010211191930924,2.0
208,5.447297556678506,1.0
209,5.453102207079982,1.0
210,5.596263778262687,2.0
211,5.480989904119023,1.0
212,5.716408775152357,3.0
213,5.432644943407138,1.0
214,5.489703658086262,1.0
215,5.4805512985935,1.0
216,5.48550488117774,1.0
217,5.446948019172243,1.0
218,5.672689055691031,3.0
219,5.549359761065049,2.0
220,5.5159782565645825,2.0
221,5.569734314730705,2.0
222,5.4428946078266,1.0
223,5.439575559624296,1.0
224,5.535359746740226,2.0
225,5.589894753774561,2.0
226,5.62603696402531,3.0
227,5.785742566644129,3.0
228,5.496201922097129,1.0
229,5.466819746088284,1.0
230,5.792843514029445,3.0
231,5.7071655913213215,3.0
232,5.530134514933024,2.0
233,5.467532954390143,1.0
234,5.547952216215058,2.0
235,5.633086504985241,3.0
236,5.464793973841218,1.0
237,5.598101269185432,2.0
238,5.853124760255764,3.0
239,5.479179470099528,1.0
240,5.603046525157159,3.0
241,5.448928705433163,1.0
242,5.508562916885934,2.0
243,5.504765718855055,2.0
244,5.878599640102723,3.0
245,5.580343065124757,2.0
246,5.45172653996563,1.0
247,5.486594384017053,1.0
248,5.505994730590812,2.0
249,5.567082192735482,2.0
250,5.448593785666241,1.0
251,5.49800169378172,1.0
252,5.493779229729691,1.0
253,5.43728891454129,1.0
254,5.495753743145265,1.0
255,5.586824333171581,2.0
256,5.449813792426125,1.0
257,5.466265624010634,1.0
258,5.476560723736645,1.0
259,5.493161064669969,1.0
260,5.600806654364136,3.0
261,5.465437864873741,1.0
262,5.502919049875301,2.0
263,5.499830076771204,1.0
264,5.477112478731133,1.0
265,5.798597533871933,3.0
266,5.47013201405802,1.0
267,5.589969943266021,2.0
268,5.536177972475093,2.0
269,5.454595474673277,1.0
270,5.541677424656524,2.0
271,5.472797146135744,1.0
272,5.77390184873938,3.0
273,5.705226647156577,3.0
274,5.479074421044569,1.0
275,5.469034641892524,1.0
276,5.575557485950838,2.0
277,5.467859345858086,1.0
278,5.443347420019385,1.0
279,5.779018533931363,3.0
280,5.515421201104466,2.0
281,5.508985383491542,2.0
282,5.513682218040527,2.0
283,5.505999067736103,2.0
284,5.586519665462212,2.0
285,5.499325373471047,1.0
286,5.442007454393399,1.0
287,5.496168576788506,1.0
288,5.468043477978074,1.0
289,5.482103001922242,1.0
290,5.587838314155951,2.0
291,5.48722675207409,1.0
292,5.610831802687044,3.0
293,5.490342775827483,1.0
294,5.770812438098115,3.0
295,5.450342227719327,1.0
296,5.591792717091514,2.0
297,5.479221515729114,1.0
298,5.502722329006784,2.0
299,5.486237217221223,1.0
300,5.512921169275198,2.0
301,5.499222676157889,1.0
302,5.446305224636545,1.0
303,5.5237507237299805,2.0
304,5.464295163748104,1.0
305,5.600071145431576,3.0
306,5.456884383003307,1.0
307,5.516441527419993,2.0
308,5.48727073123503,1.0
309,5.689549485180563,3.0
310,5.551444452672426,2.0
311,5.4204744737829635,1.0
312,5.458529436959611,1.0
313,5.505864339639992,2.0
314,5.454792072541357,1.0
315,5.656618780977256,3.0
316,5.432418338316654,1.0
317,5.514551175123734,2.0
318,5.490458921103004,1.0
319,5.488691218720004,1.0
320,5.670024162402692,3.0
321,5.555299244445299,2.0
322,5.5647035774921365,2.0
323,5.486055698123876,1.0
324,5.630448337951128,3.0
325,5.614079592788153,3.0
326,5.548770964947248,2.0
327,5.5903000906391735,2.0
328,5.463121748437069,1.0
329,5.482182786359882,1.0
330,5.582117283534139,2.0
331,5.462965178301932,1.0
332,5.579643935075814,2.0
333,5.499717823175491,1.0
334,5.471881988287024,1.0
335,5.463681779181273,1.0
336,5.498261206504456,1.0
337,5.638420236863228,3.0
338,5.453902740273897,1.0
339,5.6706918743912,3.0
340,5.473389067477911,1.0
341,5.75474931600981,3.0
342,5.457957162718293,1.0
343,5.455635574529175,1.0
344,5.656479646625276,3.0
345,5.592179973631712,2.0
346,5.464755565177699,1.0
347,5.496532665750318,1.0
348,5.474734196272645,1.0
349,5.608613722932565,3.0
350,5.510177155719283,2.0
351,5.847607849670222,3.0
352,5.585297563201252,2.0
353,5.892119108644836,3.0
354,5.559968480381944,2.0
355,5.4606837980917415,1.0
356,5.632095999687177,3.0
357,5.481800169399751,1.0
358,5.448907777596348,1.0
359,5.46186353746947,1.0
360,5.566609451293358,2.0
361,5.581587643363079,2.0
362,5.448322063095343,1.0
363,5.451903089610744,1.0
364,5.786250127644223,3.0
365,5.450092433119214,1.0
366,5.493896466175541,1.0
367,5.530615531786718,2.0
368,5.844569923704336,3.0
369,5.480939650361426,1.0
370,5.484858928284379,1.0
371,5.460896328216527,1.0
372,5.458346514792022,1.0
373,5.593237704832057,2.0
374,5.616703033265656,3.0
375,5.530655958172837,2.0
376,5.559586664684516,2.0
377,5.467935085067764,1.0
378,5.5659956993840325,2.0
379,5.47886342188998,1.0
380,5.446385285715766,1.0
381,5.483540654358724,1.0
382,5.580995796923386,2.0
383,5.497529365781554,1.0
384,5.455037595308457,1.0
385,5.45578089416698,1.0
386,5.547811339582991,2.0
387,5.854964755728862,3.0
388,5.487210258591676,1.0
389,5.478100871494568,1.0
390,5.498937803013199,1.0
391,5.490278488464319,1.0
392,5.507186051353557,2.0
393,5.417894800456512,1.0
394,5.568669195672756,2.0
395,5.580918214347643,2.0
396,5.46530827239228,1.0
397,5.778698295066246,3.0
398,5.484102489991891,1.0
399,5.618098265109961,3.0
400,5.461708554092444,1.0
401,5.476802222001067,1.0
402,5.537340268469803,2.0
403,5.437515499371185,1.0
404,5.495354633924027,1.0
405,5.781890983880295,3.0
406,5.458374400774856,1.0
407,5.627618595686999,3.0
408,5.680370509086175,3.0
409,5.704673092400274,3.0
410,5.583557050789272,2.0
411,5.7317687487292766,3.0
412,5.467124902302269,1.0
413,5.503582233313273,2.0
414,5.717000852490637,3.0
415,5.846302012105517,3.0
416,5.8244366784039086,3.0
417,5.470010210561072,1.0
418,5.787461246471811,3.0
419,5.556224925655294,2.0
420,5.634211778597538,3.0
421,5.500952576767824,2.0
422,5.463892870361059,1.0
423,5.481184488920804,1.0
424,5.607472247797946,3.0
425,5.6045918223081825,3.0
426,5.446782483758417,1.0
427,5.459242345087048,1.0
428,5.466774179862933,1.0
429,5.541422545500369,2.0
430,5.453558904916538,1.0
431,5.4686283118350785,1.0
432,5.657699222763607,3.0
433,5.445123314030229,1.0
434,5.582762878968918,2.0
435,5.7403914892723344,3.0
436,5.5528182520451255,2.0
437,5.47100672269819,1.0
438,5.500296395226873,2.0
439,5.517322926451173,2.0
440,5.695609943389783,3.0
441,5.4692671829901345,1.0
442,5.5526183428113915,2.0
443,5.451268793446586,1.0
444,5.802921741287326,3.0
445,5.59758921873273,2.0
446,5.498725468515939,1.0
447,5.491335593648379,1.0
448,5.474171120163584,1.0
449,5.502873305550665,2.0
450,5.547057802016859,2.0
451,5.483817191658573,1.0
452,5.459670466913131,1.0
453,5.658093073323839,3.0
454,5.869245071352134,3.0
455,5.481083786496296,1.0
456,5.516479138790842,2.0
457,5.501288246669114,2.0
458,5.624236849963742,3.0
459,5.464585639991916,1.0
460,5.7470463642810365,3.0
461,5.568684072085848,2.0
462,5.598082156631899,2.0
463,5.630506389803522,3.0
464,5.463692765364094,1.0
465,5.560128969385693,2.0
466,5.527674680758663,2.0
467,5.7015029288243975,3.0
468,5.442056117055289,1.0
469,5.609215062776268,3.0
470,5.933980860290842,3.0
471,5.5315315590171075,2.0
472,5.497234855220811,1.0
473,5.724598389239407,3.0
474,5.5969259389993535,2.0
475,5.591741303615296,2.0
476,5.704592110760695,3.0
477,5.490495151633616,1.0
478,5.494739006086255,1.0
479,5.713804357237028,3.0
480,5.8200397814894105,3.0
481,5.520550416504409,2.0
482,5.484626226380896,1.0
483,5.467246891053865,1.0
484,5.4995064012371175,1.0
485,5.670182768766351,3.0
486,5.477407063626381,1.0
487,5.669092446314637,3.0
488,5.511154412139119,2.0
489,5.644748585592634,3.0
490,5.826188013398955,3.0
491,5.888107087128089,3.0
492,5.606078114605376,3.0
493,5.48372465287559,1.0
494,5.458303281605168,1.0
495,5.554040396874259,2.0
496,5.436531158491791,1.0
497,5.5584309783316845,2.0
498,5.490881234968448,1.0
499,5.497431867047799,1.0
500,5.489061338880291,1.0
501,5.455629031539793,1.0
502,5.4649380675801185,1.0
503,5.55412621078244,2.0
504,5.711168195558458,3.0
505,5.554622327216463,2.0
506,5.423196093350017,1.0
507,5.564593750761306,2.0
508,5.584162268976415,2.0
509,5.445584669462141,1.0
510,5.579593863943892,2.0
511,5.4453779881265545,1.0
512,5.485987183804533,1.0
513,5.442867614212394,1.0
514,5.597451406978299,2.0
515,5.444215050036374,1.0
516,5.463119646770592,1.0
517,5.6424123223812614,3.0
518,5.6202758962162696,3.0
519,5.495454508979405,1.0
520,5.486300113540432,1.0
521,5.462690362804214,1.0
522,5.569712140261149,2.0
523,5.473858288787105,1.0
524,5.455378752410762,1.0
525,5.481611235241279,1.0
526,5.4826970492477525,1.0
527,5.494307661285836,1.0
528,5.756546791533889,3.0
529,5.484436054453589,1.0
530,5.504146843217938,2.0
531,5.488544872959045,1.0
532,5.548476173894365,2.0
533,5.478319696425971,1.0
534,5.464346037169174,1.0
535,5.677740926818618,3.0
536,5.557239924597601,2.0
537,5.52099480717472,2.0
538,5.59836507875828,2.0
539,5.568707919272013,2.0
540,5.5174674457206025,2.0
541,5.458087073468868,1.0
542,5.6005724787240725,3.0
543,5.457422547785031,1.0
544,5.446952985532458,1.0
545,5.497843019238461,1.0
546,5.495060468666731,1.0
547,5.467276452989491,1.0
548,5.6282048668165965,3.0
549,5.598586029363745,2.0
550,5.452458119125415,1.0
551,5.501476399055687,2.0
552,5.499833496463186,1.0
553,5.448598257350752,1.0
554,5.81666276098668,3.0
555,5.502803653549033,2.0
556,5.4524934675768915,1.0
557,5.476032727067849,1.0
558,5.769247473174109,3.0
559,5.898005421482558,3.0
560,5.818917652679186,3.0
561,5.450183233772783,1.0
562,5.615638127537336,3.0
563,5.628620204842212,3.0
564,5.54484731609456,2.0
565,5.498071711822963,1.0
566,5.671772383839246,3.0
567,5.63494255193918,3.0
568,5.473942250186214,1.0
569,5.487705557222806,1.0
570,5.471911281792235,1.0
571,5.432980017546059,1.0
572,5.544712241795866,2.0
573,5.656523430164976,3.0
574,5.537189655280699,2.0
575,5.457468307150555,1.0
576,5.537250871113319,2.0
577,5.549673368751126,2.0
578,5.597132058912794,2.0
579,5.494007527659487,1.0
580,5.5113097598728995,2.0
581,5.777873560875866,3.0
582,5.619773438305132,3.0
583,5.469246622937092,1.0
584,5.538863089156722,2.0
585,5.466409307110323,1.0
586,5.65699040259055,3.0
587,5.431885003841871,1.0
588,5.47398934633855,1.0
589,5.5934837902335595,2.0
590,5.911327903183255,3.0
591,5.7322461999483485,3.0
592,5.757066819376825,3.0
593,5.530200889838767,2.0
594,5.554636276993802,2.0
595,5.874688391632832,3.0
596,5.5841635813908725,2.0
597,5.542440643854019,2.0
598,5.530748818667708,2.0
599,5.5529365018258705,2.0
600,5.476919492469339,1.0
601,5.459373047896838,1.0
602,5.549713962314311,2.0
603,5.73529750793364,3.0
604,5.453333386694842,1.0
605,5.447820220737136,1.0
606,5.706856863118517,3.0
607,5.673194797805308,3.0
608,5.437718372948433,1.0
609,5.621052886277944,3.0
610,5.514458923895662,2.0
611,5.722986368759814,3.0
612,5.529380815318101,2.0
613,5.4712745995510845,1.0
614,5.855163899589071,3.0
615,5.445048825777355,1.0
616,5.830402441328357,3.0
617,5.700897860260833,3.0
618,5.751379955765128,3.0
619,5.664096373804371,3.0
620,5.628749042780397,3.0
621,5.563999570905925,2.0
622,5.525075933025909,2.0
623,5.5437326538405625,2.0
624,5.518480313116367,2.0
625,5.906678546582024,3.0
626,5.549103098720405,2.0
627,5.603545054036043,3.0
628,5.578346332719412,2.0
629,5.507679610852791,2.0
630,5.74367942551567,3.0
631,5.460376019719279,1.0
632,5.455440394651632,1.0
633,5.531766414533005,2.0
634,5.468586949762049,1.0
635,5.738152970990386,3.0
636,5.785502912963296,3.0
637,5.577444339458277,2.0
638,5.480887164112088,1.0
639,5.459436093171192,1.0
640,5.570289612341753,2.0
641,5.491515242705752,1.0
642,5.455412470592926,1.0
643,5.430762396999394,1.0
644,5.585318336317099,2.0
645,5.51145835083471,2.0
646,5.588025443375195,2.0
647,5.774998109360406,3.0
648,5.528817436034432,2.0
649,5.486761376287881,1.0
650,5.6843984173832975,3.0
651,5.659067690439648,3.0
652,5.722833765691812,3.0
653,5.4552240993636465,1.0
654,5.47111787034432,1.0
655,5.4337285595265445,1.0
656,5.5751801764683755,2.0
657,5.445693738348157,1.0
658,5.455873468636936,1.0
659,5.798865901641806,3.0
660,5.488796882381089,1.0
661,5.463417481105954,1.0
662,5.470721405562938,1.0
663,5.779589347288257,3.0
664,5.4677349775233255,1.0
665,5.489859867266766,1.0
666,5.453931419070356,1.0
667,5.484846726456512,1.0
668,5.606101448472046,3.0
669,5.734609610386132,3.0
670,5.531377455862977,2.0
671,5.531950624255954,2.0
672,5.4794591424226295,1.0
673,5.432574761290829,1.0
674,5.532661919551909,2.0
675,5.736386578095854,3.0
676,5.4785003676095,1.0
677,5.497078217942395,1.0
678,5.591098189523358,2.0
679,5.516790750451295,2.0
680,5.45492231966726,1.0
681,5.752913157703436,3.0
682,5.579652801953887,2.0
683,5.848641015119678,3.0
684,5.447502799728618,1.0
685,5.710714563582219,3.0
686,5.5848134008579,2.0
687,5.48692030172604,1.0
688,5.474573772484946,1.0
689,5.574313289619537,2.0
690,5.879272716280068,3.0
691,5.680119028758091,3.0
692,5.584386601344766,2.0
693,5.475590947059169,1.0
694,5.531183449729323,2.0
695,5.490656522041746,1.0
696,5.780108485567401,3.0
697,5.6593174579455345,3.0
698,5.589789596789082,2.0
699,5.636628726512153,3.0
700,5.50796464663825,2.0
701,5.556068790061442,2.0
702,5.600927437910237,3.0
703,5.582794405232082,2.0
704,5.678976545243666,3.0
705,5.481303883178828,1.0
706,5.7832941424320445,3.0
707,5.482314242364088,1.0
708,5.502393724919462,2.0
709,5.6496715408497,3.0
710,5.530308249023126,2.0
711,5.556087126259357,2.0
712,5.6808512999342975,3.0
713,5.448105730744286,1.0
714,5.503007192244775,2.0
715,5.507722390102521,2.0
716,5.478299220613172,1.0
717,5.448830106823821,1.0
718,5.911253036623241,3.0
719,5.693548736361649,3.0
720,5.485245472080056,1.0
721,5.422409024987944,1.0
722,5.707237666611601,3.0
723,5.592586702445744,2.0
724,5.68777300423967,3.0
725,5.600134624874995,3.0
726,5.544579967357724,2.0
727,5.609842260505372,3.0
728,5.5664523771358,2.0
729,5.7548996418025,3.0
730,5.428942702313828,1.0
731,5.531199015578609,2.0
732,5.620556076527713,3.0
733,5.434418067972107,1.0
734,5.45742491673298,1.0
735,5.57551586622205,2.0
736,5.542284284013965,2.0
737,5.718745751471413,3.0
738,5.452083124312017,1.0
739,5.698866538465325,3.0
740,5.669227889650456,3.0
741,5.72498232302109,3.0
742,5.4610881605478445,1.0
743,5.756946173427959,3.0
744,5.586112731227932,2.0
745,5.932967941750823,3.0
746,5.79774531843169,3.0
747,5.583132259288514,2.0
748,5.5956163079516275,2.0
749,5.546375869288363,2.0
750,5.5816044728007626,2.0
751,5.466411584187475,1.0
752,5.496758500526203,1.0
753,5.481707949554543,1.0
754,5.462450141395091,1.0
755,5.48555815858575,1.0
756,5.419785142980569,1.0
757,5.547589719014554,2.0
758,5.444104825357126,1.0
759,5.569734314730705,2.0
760,5.4930070372238315,1.0
761,5.8367659406866,3.0
762,5.662425928734337,3.0
763,5.497845434783479,1.0
764,5.473572656020029,1.0
765,5.521610064056724,2.0
766,5.518434384960677,2.0
767,5.744228759641986,3.0
768,5.432107903213267,1.0
769,5.459039334546402,1.0
770,5.522907485634468,2.0
771,5.707407242824816,3.0
772,5.867662409036376,3.0
773,5.525666192551677,2.0
774,5.446834403065391,1.0
775,5.650936109444529,3.0
776,5.44958310590606,1.0
777,5.61886004967554,3.0
778,5.536056386219575,2.0
779,5.572012897047225,2.0
780,5.430197175668838,1.0
781,5.640138487839224,3.0
782,5.77207440162437,3.0
783,5.5273822499581975,2.0
784,5.464330409051655,1.0
785,5.491816105476857,1.0
786,5.724106847328139,3.0
787,5.455453037168632,1.0
788,5.599423090288941,2.0
789,5.5453782990012295,2.0
790,5.465865193292745,1.0
791,5.52065169160758,2.0
792,5.618687170874389,3.0
793,5.508561305483031,2.0
794,5.413117420857902,1.0
795,5.550810623237937,2.0
796,5.6148249376573975,3.0
797,5.61626562404024,3.0
798,5.5838584178394575,2.0
799,5.595848202045003,2.0
800,5.50568799889768,2.0
801,5.702740722170322,3.0
802,5.655157117937039,3.0
803,5.4941045475533,1.0
804,5.758271547014429,3.0
805,5.475933727224191,1.0
806,5.562094416611339,2.0
807,5.70699506125986,3.0
808,5.659504315158806,3.0
809,5.5680755844342755,2.0
810,5.478435702482666,1.0
811,5.575283325607532,2.0
812,5.887231839728644,3.0
813,5.617541653425698,3.0
814,5.745039281651582,3.0
815,5.570110374932227,2.0
816,5.605243259818145,3.0
817,5.48295996753953,1.0
818,5.555513960742711,2.0
819,5.6565419826614,3.0
820,5.44973613251808,1.0
821,5.495937210127525,1.0
822,5.507919334959734,2.0
823,5.5962316914739505,2.0
824,5.5754206027111115,2.0
825,5.499910711396517,1.0
826,5.487356239197099,1.0
827,5.547566917152714,2.0
828,5.5290111462877976,2.0
829,5.5133468487879655,2.0
830,5.466412787363422,1.0
831,5.650352158899898,3.0
832,5.4442775919468165,1.0
833,5.608490715681105,3.0
834,5.7595796624795685,3.0
835,5.566234744195172,2.0
836,5.445962882526786,1.0
837,5.641723570556066,3.0
838,5.47717023728483,1.0
839,5.529696776637797,2.0
840,5.58819227623363,2.0
841,5.73305517447173,3.0
842,5.473722376186663,1.0
843,5.608355668732635,3.0
844,5.505886773498798,2.0
845,5.526216631386517,2.0
846,5.438204318325456,1.0
847,5.654444794910287,3.0
848,5.456316045180617,1.0
849,5.551271583897665,2.0
850,5.482595529580608,1.0
851,5.764777341822571,3.0
852,5.545762305598811,2.0
853,5.466898724933232,1.0
854,5.575970673490196,2.0
855,5.818796421612773,3.0
856,5.487914974660544,1.0
857,5.6323430244532515,3.0
858,5.779869749605206,3.0
859,5.565638412419425,2.0
860,5.480369343498701,1.0
861,5.499555286790758,1.0
862,5.6098617492484575,3.0
863,5.7482228466554055,3.0
864,5.466797805004139,1.0
865,5.453888026069088,1.0
866,5.5363823306407545,2.0
867,5.475091629867477,1.0
868,5.422785918250855,1.0
869,5.63728573914376,3.0
870,5.8398831355288205,3.0
871,5.873250204715923,3.0
872,5.472676168770404,1.0
873,5.648498806440882,3.0
874,5.5698913328157476,2.0
875,5.799422085258227,3.0
876,5.615873053794398,3.0
877,5.502145330204734,2.0
878,5.60925077290174,3.0
879,5.765150634175457,3.0
880,5.442420079431703,1.0
881,5.63541606394646,3.0
882,5.468418162243181,1.0
883,5.719821155438539,3.0
884,5.637752792447082,3.0
885,5.441213672565998,1.0
886,5.523402413628516,2.0
887,5.603273800030899,3.0
888,5.796732366464783,3.0
889,5.527876846832187,2.0
890,5.5084063101965395,2.0
891,5.429429877567527,1.0
892,5.589764131367705,2.0
893,5.533976928668995,2.0
894,5.444658349477226,1.0
895,5.786310263578774,3.0
896,5.52973963816901,2.0
897,5.537730143871659,2.0
898,5.4447208821662985,1.0
899,5.4710565213189,1.0
900,5.503738203845393,2.0
901,5.50916467466183,2.0
902,5.4697902307058195,1.0
903,5.512933505205254,2.0
904,5.567259047727512,2.0
905,5.835481550138805,3.0
906,5.482185570634417,1.0
907,5.444064364737373,1.0
908,5.59269546754989,2.0
909,5.436556034576899,1.0
910,5.543949994042197,2.0
911,5.5775580817658,2.0
912,5.7192953589057085,3.0
913,5.50809163132526,2.0
914,5.406932204704135,1.0
915,5.752719145039626,3.0
916,5.75377914996644,3.0
917,5.5112706876722966,2.0
918,5.455577199759956,1.0
919,5.414709293916535,1.0
920,5.73146919561792,3.0
921,5.453711489157108,1.0
922,5.500999113374918,2.0
923,5.524029558479541,2.0
924,5.550821287222634,2.0
925,5.430943547194596,1.0
926,5.482942520756108,1.0
927,5.752802070679257,3.0
928,5.7612721298114105,3.0
929,5.6096355500020305,3.0
930,5.558007441481965,2.0
931,5.735188887537124,3.0
932,5.584447836357828,2.0
933,5.432506173510762,1.0
934,5.507253996061111,2.0
935,5.788766299455908,3.0
936,5.571670057354,2.0
937,5.500241884208125,2.0
938,5.666075834614211,3.0
939,5.482361166273475,1.0
940,5.68444917357791,3.0
941,5.603555673523808,3.0
942,5.637813446498631,3.0
943,5.702519560519651,3.0
944,5.537620082337197,2.0
945,5.492419953994491,1.0
946,5.4793128558754125,1.0
947,5.517127567874547,2.0
948,5.483147994719546,1.0
949,5.485746328139928,1.0
950,5.820418982655833,3.0
951,5.586890246183222,2.0
952,5.518928984477601,2.0
953,5.449307157355084,1.0
954,5.583745029124051,2.0
955,5.643278029465665,3.0
956,5.8131834350003455,3.0
957,5.492414804932609,1.0
958,5.638296632843673,3.0
959,5.488229415480524,1.0
960,5.591777921291836,2.0
961,5.562373879977329,2.0
962,5.486685456866865,1.0
963,5.620546482370515,3.0
964,5.470543176477842,1.0
965,5.47872645494191,1.0
966,5.540293718910407,2.0
967,5.796412434527793,3.0
968,5.449174667010048,1.0
969,5.559108279111354,2.0
970,5.61685634782268,3.0
971,5.4481614969659,1.0
972,5.492015940617078,1.0
973,5.581334987027477,2.0
974,5.472906245435845,1.0
975,5.731853602029696,3.0
976,5.709547293880259,3.0
977,5.455091889715858,1.0
978,5.570670977270982,2.0
979,5.462003913084042,1.0
980,5.501701275397186,2.0
981,5.507051095161509,2.0
982,5.465536367873243,1.0
983,5.531599238548291,2.0
984,5.541872242162664,2.0
985,5.484872276174779,1.0
986,5.493267565374773,1.0
987,5.687856527152411,3.0
988,5.487964664440769,1.0
989,5.5322457627458,2.0
990,5.4917717829812,1.0
991,5.6575378527805436,3.0
992,5.550645816334986,2.0
993,5.827093299995072,3.0
994,5.4955793648169164,1.0
995,5.5000996388975425,2.0
996,5.470440259838945,1.0
997,5.821630219908705,3.0
998,5.576324487814514,2.0
999,5.456911711628976,1.0
1000,5.504896584731682,2.0
1001,5.5497228505802525,2.0
1002,5.455540476761861,1.0
1003,5.506173785602613,2.0
1004,5.652639343622069,3.0
1005,5.480343819902996,1.0
1006,5.565638623727114,2.0
1007,5.491318108915655,1.0
1008,5.636863308485302,3.0
1009,5.453954391248582,1.0
1010,5.436160604730764,1.0
1011,5.470760769301782,1.0
1012,5.61375264728196,3.0
1013,5.427566150147986,1.0
1014,5.474493317861485,1.0
1015,5.461273975357125,1.0
1016,5.467803307682254,1.0
1017,5.495042223039076,1.0
1018,5.525826179506843,2.0
1019,5.522235736745337,2.0
1020,5.5934614095156,2.0
1021,5.5104727089163745,2.0
1022,5.66115382354521,3.0
1023,5.693261945803568,3.0
1024,5.458522142394006,1.0
1025,5.464810777851653,1.0
1026,5.492427892530633,1.0
1027,5.418188423655709,1.0
1028,5.550436445021818,2.0
1029,5.447259598462484,1.0
1030,5.633047137487224,3.0
1031,5.465931072897754,1.0
1032,5.560797555705238,2.0
1033,5.709254561019284,3.0
1034,5.441842372934028,1.0
1035,5.476953649325031,1.0
1036,5.482709118653671,1.0
1037,5.622877884951122,3.0
1038,5.498916995107591,1.0
1039,5.58463650160377,2.0
1040,5.611346854466484,3.0
1041,5.487045217623701,1.0
1042,5.788152941806242,3.0
1043,5.474010315041095,1.0
1044,5.4805960829797185,1.0
1045,5.429572649650648,1.0
1046,5.713519625881669,3.0
1047,5.590124899822651,2.0
1048,5.471229833977758,1.0
1049,5.482426241933168,1.0
1050,5.421495195634248,1.0
1051,5.568614054503774,2.0
1052,5.679818706588914,3.0
1053,5.441164377549089,1.0
1054,5.447156442122539,1.0
1055,5.448157033957359,1.0
1056,5.69187025917908,3.0
1057,5.732468155972414,3.0
1058,5.523157663241799,2.0
1059,5.720106971340012,3.0
1060,5.46138242366849,1.0
1061,5.634334556296018,3.0
1062,5.447750721189679,1.0
1063,5.466920162837225,1.0
1064,5.62984978031069,3.0
1065,5.485011544727571,1.0
1066,5.464025748260422,1.0
1067,5.594832397126911,2.0
1068,5.481442562568323,1.0
1069,5.563399384454715,2.0
1070,5.477547344420224,1.0
1071,5.650864301165146,3.0
1072,5.458076071914698,1.0
1073,5.589092160434805,2.0
1074,5.460682599223185,1.0
1075,5.479884419572948,1.0
1076,5.488864272448606,1.0
1077,5.739332308970127,3.0
1078,5.43595001274296,1.0
1079,5.465381445338795,1.0
1080,5.462622074429198,1.0
1081,5.445971115147389,1.0
1082,5.734883925286467,3.0
1083,5.82964046677353,3.0
1084,5.495597922025729,1.0
1085,5.456839793784872,1.0
1086,5.607097801210212,3.0
1087,5.432873457069471,1.0
1088,5.800043009801173,3.0
1089,5.575424147989255,2.0
1090,5.772660431420907,3.0
1091,5.833683730034069,3.0
1092,5.464326434238728,1.0
1093,5.467425444139161,1.0
1094,5.518847421609143,2.0
1095,5.473914816931362,1.0
1096,5.618876220758672,3.0
1097,5.499507988124923,1.0
1098,5.589552064161822,2.0
1099,5.568385816962621,2.0
1100,5.723164935176422,3.0
1101,5.478647248431213,1.0
1102,5.655900000543179,3.0
1103,5.60246052746366,3.0
1104,5.64935039000745,3.0
1105,5.466432304456634,1.0
1106,5.489676125675236,1.0
1107,5.465156226216474,1.0
1108,5.4629869200243535,1.0
1109,5.6531125912237155,3.0
1110,5.58635608036584,2.0
1111,5.638436947552028,3.0
1112,5.712551593337227,3.0
1113,5.43642752702274,1.0
1114,5.779792279666162,3.0
1115,5.60004505465108,3.0
1116,5.52379327997327,2.0
1117,5.476097942377458,1.0
1118,5.545888015861012,2.0
1119,5.780872921143066,3.0
1120,5.620918259775588,3.0
1121,5.460164353515055,1.0
1122,5.825490696884874,3.0
1123,5.530140121036213,2.0
1124,5.469882402220152,1.0
1125,5.468704943250857,1.0
1126,5.594536855801486,2.0
1127,5.491527670924116,1.0
1128,5.480341283613906,1.0
1129,5.493958294870485,1.0
1130,5.50965644524995,2.0
1131,5.457422246547075,1.0
1132,5.458909470834663,1.0
1133,5.466693998201255,1.0
1134,5.693048119936812,3.0
1135,5.623861880858495,3.0
1136,5.496244771607488,1.0
1137,5.468510279060406,1.0
1138,5.501588781824452,2.0
1139,5.74534293210576,3.0
1140,5.46616639979244,1.0
1141,5.510867888408549,2.0
1142,5.468942058428297,1.0
1143,5.539751664749633,2.0
1144,5.4665239933079235,1.0
1145,5.485395908536314,1.0
1146,5.69695589588338,3.0
1147,5.493065352636923,1.0
1148,5.542245576255675,2.0
1149,5.4566335727839075,1.0
1150,5.631267942694957,3.0
1151,5.744784716130001,3.0
1152,5.481141740083895,1.0
1153,5.568938409854212,2.0
1154,5.74544691049007,3.0
1155,5.699747231139508,3.0
1156,5.786485319898937,3.0
1157,5.5750162904616065,2.0
1158,5.494278953958142,1.0
1159,5.674923961673038,3.0
1160,5.599952209644297,2.0
1161,5.52534626009456,2.0
1162,5.534528585765265,2.0
1163,5.459823247272555,1.0
1164,5.4864103047907395,1.0
1165,5.463555349895323,1.0
1166,5.493151583154803,1.0
1167,5.542434483909719,2.0
1168,5.488744791011584,1.0
1169,5.48709777051196,1.0
1170,5.641081881180416,3.0
1171,5.457682227920035,1.0
1172,5.855088113290165,3.0
1173,5.45794823118376,1.0
1174,5.5640777766603025,2.0
1175,5.609341063492766,3.0
1176,5.73853474356678,3.0
1177,5.531469318976731,2.0
1178,5.44532178897609,1.0
1179,5.761615303980247,3.0
1180,5.473405129074179,1.0
1181,5.563872074922434,2.0
1182,5.599267904826682,2.0
1183,5.623069894346768,3.0
1184,5.498521283684762,1.0
1185,5.485814324636738,1.0
1186,5.640516015550123,3.0
1187,5.630992066297706,3.0
1188,5.50252160597281,2.0
1189,5.435216328453238,1.0
1190,5.8667767655617755,3.0
1191,5.582821635765367,2.0
1192,5.5063240979492685,2.0
1193,5.447846498297839,1.0
1194,5.405530982372599,1.0
1195,5.408275517726552,1.0
1196,5.499549502934887,1.0
1197,5.685978026041559,3.0
1198,5.570642458016945,2.0
1199,5.459030513124463,1.0
1200,5.495190857099317,1.0
1201,5.506657275681447,2.0
1202,5.839250412847199,3.0
1203,5.522283402255511,2.0
1204,5.442413213346919,1.0
1205,5.566433743367191,2.0
1206,5.430588058196659,1.0
1207,5.687700064362112,3.0
1208,5.540875366126738,2.0
1209,5.767887432501105,3.0
1210,5.587491815201256,2.0
1211,5.460019875889907,1.0
1212,5.47615873914231,1.0
1213,5.459603238375053,1.0
1214,5.7870477679281125,3.0
1215,5.477438113315699,1.0
1216,5.648474194721215,3.0
1217,5.467594241018908,1.0
1218,5.577329011034017,2.0
1219,5.499858155641645,1.0
1220,5.484746944876327,1.0
1221,5.5713269664301555,2.0
1222,5.4572854033439215,1.0
1223,5.55756292984018,2.0
1224,5.4952987526964945,1.0
1225,5.625754499715233,3.0
1226,5.70423155225456,3.0
1227,5.52913266062677,2.0
1228,5.570232104516717,2.0
1229,5.505250445737764,2.0
1230,5.459227056498158,1.0
1231,5.53784789641454,2.0
1232,5.542515186238266,2.0
1233,5.638894357911894,3.0
1234,5.480633727668808,1.0
1235,5.592866682907491,2.0
1236,5.63485730197447,3.0
1237,5.684064847278579,3.0
1238,5.494740161384619,1.0
1239,5.5248749997489455,2.0
1240,5.443634420867809,1.0
1241,5.517030983841301,2.0
1242,5.451624942698069,1.0
1243,5.44660036894981,1.0
1244,5.674765367597972,3.0
1245,5.482745083907419,1.0
1246,5.516353141882991,2.0
1247,5.479450201913761,1.0
1248,5.531099882517092,2.0
1249,5.566993058305341,2.0
1250,5.604912009988805,3.0
1251,5.604335566846898,3.0
1252,5.441209594608823,1.0
1253,5.488559339732477,1.0
1254,5.7733200975998615,3.0
1255,5.64944650613009,3.0
1256,5.4820931841821166,1.0
1257,5.593254369915616,2.0
1258,5.462639453379541,1.0
1259,5.693132159900578,3.0
1260,5.595211249384633,2.0
1261,5.639623274017776,3.0
1262,5.635065411078015,3.0
1263,5.48628774181137,1.0
1264,5.45259195207245,1.0
1265,5.4733218488709605,1.0
1266,5.598298988371918,2.0
1267,5.4763114594836235,1.0
1268,5.461200226098612,1.0
1269,5.557982798655973,2.0
1270,5.485561737020904,1.0
1271,5.582892362907816,2.0
1272,5.489700427259935,1.0
1273,5.547967789749776,2.0
1274,5.757553596696941,3.0
1275,5.457175733004369,1.0
1276,5.464005564239683,1.0
1277,5.758747792859647,3.0
1278,5.519784081312768,2.0
1279,5.61251076854011,3.0
1280,5.465473952730859,1.0
1281,5.4955444818373165,1.0
1282,5.790516475691161,3.0
1283,5.520016581519874,2.0
1284,5.550883632352753,2.0
1285,5.54891106264299,2.0
1286,5.503169527972876,2.0
1287,5.470463533985422,1.0
1288,5.455828202363612,1.0
1289,5.595967445903957,2.0
1290,5.481217316491186,1.0
1291,5.5001413948583515,2.0
1292,5.467681901078568,1.0
1293,5.500065828549371,2.0
1294,5.528020535005209,2.0
1295,5.44197704403236,1.0
1296,5.710728588187449,3.0
1297,5.850259960680209,3.0
1298,5.514828741880341,2.0
1299,5.458721747196242,1.0
1300,5.478722491127286,1.0
1301,5.6270759977219935,3.0
1302,5.54231188516717,2.0
1303,5.788584448604169,3.0
1304,5.516405034936059,2.0
1305,5.680152489940487,3.0
1306,5.478217094740402,1.0
1307,5.4948864243280315,1.0
1308,5.640676724357163,3.0
1309,5.46258400084215,1.0
1310,5.539477582783705,2.0
1311,5.891115435810397,3.0
1312,5.447791648057424,1.0
1313,5.735219860663593,3.0
1314,5.621296669637387,3.0
1315,5.445821134161502,1.0
1316,5.514201200930033,2.0
1317,5.615589776494289,3.0
1318,5.481450566797207,1.0
1319,5.603269624524088,3.0
1320,5.92627301916065,3.0
1321,5.916038787977398,3.0
1322,5.511385756356189,2.0
1323,5.491940394666643,1.0
1324,5.495575741325185,1.0
1325,5.511862463670097,2.0
1326,5.43065321750557,1.0
1327,5.62250702294214,3.0
1328,5.676602771295148,3.0
1329,5.670182768766351,3.0
1330,5.741602114923889,3.0
1331,5.5640218108701065,2.0
1332,5.4705386694307965,1.0
1333,5.468912547911844,1.0
1334,5.701142977953182,3.0
1335,5.913766637589259,3.0
1336,5.6874754290895435,3.0
1337,5.5841416183433275,2.0
1338,5.58611027622091,2.0
1339,5.580529090967106,2.0
1340,5.681712739434486,3.0
1341,5.436250784401385,1.0
1342,5.492282658661073,1.0
1343,5.447180771988826,1.0
1344,5.765021024802804,3.0
1345,5.698860564351517,3.0
1346,5.43247812951015,1.0
1347,5.497926224657455,1.0
1348,5.534515385989352,2.0
1349,5.703734152104491,3.0
1350,5.527179741408534,2.0
1351,5.544947072577816,2.0
1352,5.6043751651979,3.0
1353,5.498410756002634,1.0
1354,5.7131247852973255,3.0
1355,5.461593287504157,1.0
1356,5.470864285041445,1.0
1357,5.448649286186785,1.0
1358,5.634965843662192,3.0
1359,5.634854981065493,3.0
1360,5.465837890568639,1.0
1361,5.620202571379458,3.0
1362,5.46303794860678,1.0
1363,5.862841393868159,3.0
1364,5.456253500239297,1.0
1365,5.477830047512514,1.0
1366,5.45196594103198,1.0
1367,5.423254933845003,1.0
1368,5.475673714301108,1.0
1369,5.467134762977966,1.0
1370,5.59818128907435,2.0
1371,5.595057726003558,2.0
1372,5.713292151763081,3.0
1373,5.703257280798405,3.0
1374,5.632373260859529,3.0
1375,5.631453024589013,3.0
1376,5.497473632853495,1.0
1377,5.488359370951039,1.0
1378,5.637921970002079,3.0
1379,5.554307577008893,2.0
1380,5.469338192914223,1.0
1381,5.53437880786717,2.0
1382,5.669933238448641,3.0
1383,5.875385617650387,3.0
1384,5.667917875076098,3.0
1385,5.8528095369767525,3.0
1386,5.536810959723672,2.0
1387,5.438597502452249,1.0
1388,5.46590315022488,1.0
1389,5.501138914687255,2.0
1390,5.479476943508745,1.0
1391,5.728177632616627,3.0
1392,5.467302258281324,1.0
1393,5.448907671951729,1.0
1394,5.552571058228166,2.0
1395,5.471423169439567,1.0
1396,5.56718174108586,2.0
1397,5.803010477689627,3.0
1398,5.5889002739633415,2.0
1399,5.518251853834781,2.0
1400,5.451548142277112,1.0
1401,5.489092249444465,1.0
1402,5.535422460709152,2.0
1403,5.556766093755778,2.0
1404,5.442716260499398,1.0
1405,5.442425915419059,1.0
1406,5.7399730854082724,3.0
1407,5.455662242301726,1.0
1408,5.467307731152986,1.0
1409,5.4600572247500025,1.0
1410,5.474926744694607,1.0
1411,5.630889030959543,3.0
1412,5.523334583993483,2.0
1413,5.494240430277106,1.0
1414,5.484163537330218,1.0
1415,5.520196527327707,2.0
1416,5.799612498974454,3.0
1417,5.512516560991172,2.0
1418,5.576620286341072,2.0
1419,5.696649700816512,3.0
1420,5.760749267957357,3.0
1421,5.7548271506124244,3.0
1422,5.525411040524539,2.0
1423,5.606394075729346,3.0
1424,5.43322612819589,1.0
1425,5.503775629452227,2.0
1426,5.599813246776797,2.0
1427,5.470182921786929,1.0
1428,5.588195321098575,2.0
1429,5.649863651672211,3.0
1430,5.467410755088638,1.0
1431,5.502740322634478,2.0
1432,5.548708457429201,2.0
1433,5.596970983288593,2.0
1434,5.582373865315796,2.0
1435,5.4959039136705785,1.0
1436,5.647704759469602,3.0
1437,5.478160524675216,1.0
1438,5.472064703646895,1.0
1439,5.465221434778519,1.0
1440,5.503297496039802,2.0
1441,5.78352353284264,3.0
1442,5.749261357164147,3.0
1443,5.469715720706308,1.0
1444,5.479521207039883,1.0
1445,5.494088209197036,1.0
1446,5.468682071203895,1.0
1447,5.5122066423303995,2.0
1448,5.510903981206426,2.0
1449,5.471939609241833,1.0
1450,5.505439336974533,2.0
1451,5.496347609131093,1.0
1452,5.580833131571826,2.0
1453,5.5330293737938945,2.0
1454,5.439023738586672,1.0
1455,5.536435169625538,2.0
1456,5.482008679055072,1.0
1457,5.712993157481022,3.0
1458,5.487128338199812,1.0
1459,5.55777911353295,2.0
1460,5.629938030752631,3.0
1461,5.567085495898157,2.0
1462,5.747579313968678,3.0
1463,5.672570503979488,3.0
1464,5.541173535720188,2.0
1465,5.654032669217268,3.0
1466,5.601172025720935,3.0
1467,5.461487169996623,1.0
1468,5.5116497054504885,2.0
1469,5.721137601580738,3.0
1470,5.483259795040255,1.0
1471,5.480110550403879,1.0
1472,5.559247273868032,2.0
1473,5.540351369820113,2.0
1474,5.539016482703236,2.0
1475,5.621946630269693,3.0
1476,5.475146938834603,1.0
1477,5.747258449856019,3.0
1478,5.630806604135888,3.0
1479,5.766120536045702,3.0
1480,5.604916889383877,3.0
1481,5.611329218111555,3.0
1482,5.872557202486819,3.0
1483,5.538998207368829,2.0
1484,5.477661872446296,1.0
1485,5.50214097907742,2.0
1486,5.716457990471994,3.0
1487,5.489406795500817,1.0
1488,5.491301202358436,1.0
1489,5.641994607335644,3.0
1490,5.8037629966057,3.0
1491,5.616765652394655,3.0
1492,5.468429866854256,1.0
1493,5.514081045963975,2.0
1494,5.658172159827379,3.0
1495,5.445607668032765,1.0
1496,5.564204316946303,2.0
1497,5.444009341232708,1.0
1498,5.476085966221102,1.0
1499,5.507454133581626,2.0
1500,5.497028767165993,1.0
1501,5.446522738821565,1.0
1502,5.479635245581088,1.0
1503,5.892715621346848,3.0
1504,5.465851155595025,1.0
1505,5.4840886102411135,1.0
1506,5.435825939571871,1.0
1507,5.567666963418358,2.0
1508,5.479801719417399,1.0
1509,5.623924526198963,3.0
1510,5.601793905123785,3.0
1511,5.575082493402622,2.0
1512,5.457329968206325,1.0
1513,5.551918967357598,2.0
1514,5.648712104928181,3.0
1515,5.738779278245447,3.0
1516,5.576917675328457,2.0
1517,5.457452261649845,1.0
1518,5.440160803203811,1.0
1519,5.560851264914833,2.0
1520,5.437546473223593,1.0
1521,5.47501733499265,1.0
1522,5.470475585080136,1.0
1523,5.439991000429462,1.0
1524,5.830284300014141,3.0
1525,5.443738572434003,1.0
1526,5.569258905199788,2.0
1527,5.710917914438228,3.0
1528,5.443406905432097,1.0
1529,5.6948309553351395,3.0
1530,5.542797675477429,2.0
1531,5.537186281103283,2.0
1532,5.5558733829980085,2.0
1533,5.69763313228281,3.0
1534,5.551543262217658,2.0
1535,5.7103647852049075,3.0
1536,5.6024846222816,3.0
1537,5.537326554959501,2.0
1538,5.682975644871748,3.0
1539,5.552539424138986,2.0
1540,5.739748512246632,3.0
1541,5.702021257285934,3.0
1542,5.641795438729238,3.0
1543,5.552704714700861,2.0
1544,5.455040088834387,1.0
1545,5.561675992826914,2.0
1546,5.535979614711762,2.0
1547,5.552221841470214,2.0
1548,5.8059097506313515,3.0
1549,5.4778829533911635,1.0
1550,5.5512977615588746,2.0
1551,5.475013665428989,1.0
1552,5.543023743546713,2.0
1553,5.514568128491843,2.0
1554,5.5738577323985155,2.0
1555,5.660684450934003,3.0
1556,5.695163877477918,3.0
1557,5.513331333463641,2.0
1558,5.5078248568018235,2.0
1559,5.496619243862801,1.0
1560,5.597616123060879,2.0
1561,5.463231763136615,1.0
1562,5.457212501295743,1.0
1563,5.693323162345589,3.0
1564,5.494394472746563,1.0
1565,5.493757509490529,1.0
1566,5.5571976249456405,2.0
1567,5.505425726954603,2.0
1568,5.457606763373187,1.0
1569,5.447851067557749,1.0
1570,5.6081427608077306,3.0
1571,5.645090397609245,3.0
1572,5.522550254616665,2.0
1573,5.494730328232343,1.0
1574,5.486543350673681,1.0
1575,5.6976496708153705,3.0
1576,5.486776938268434,1.0
1577,5.6257780830917765,3.0
1578,5.830788552182151,3.0
1579,5.731914942670523,3.0
1580,5.54983316459292,2.0
1581,5.580530452462114,2.0
1582,5.621624127348094,3.0
1583,5.708995195492909,3.0
1584,5.864408583676452,3.0
1585,5.954252398849931,3.0
1586,5.644423922095546,3.0
1587,5.506661518830792,2.0
1588,5.571290557816295,2.0
1589,5.543381113271454,2.0
1590,5.629904006365347,3.0
1591,5.767638339587616,3.0
1592,5.60864384682421,3.0
1593,5.538354753599709,2.0
1594,5.4719899557931075,1.0
1595,5.660697030622761,3.0
1596,5.471368966008298,1.0
1597,5.595747695725298,2.0
1598,5.531122499649617,2.0
1599,5.763134255791415,3.0
1600,5.662245024318798,3.0
1601,5.673590886659338,3.0
1602,5.489146463815851,1.0
1603,5.509336947666643,2.0
1604,5.954221277358075,3.0
1605,5.7048852077528815,3.0
1606,5.714101168445269,3.0
1607,5.734040742607315,3.0
1608,5.43311744264655,1.0
1609,5.523640084943888,2.0
1610,5.481166976983076,1.0
1611,5.51576763833974,2.0
1612,5.4714115096762965,1.0
1613,5.87561443254113,3.0
1614,5.517044286606342,2.0
1615,5.510755687219444,2.0
1616,5.478229628773934,1.0
1617,5.82484341861661,3.0
1618,5.509135580057412,2.0
1619,5.4935357579621025,1.0
1620,5.708738665829128,3.0
1621,5.746238615503384,3.0
1622,5.532884374124568,2.0
1623,5.464743316710739,1.0
1624,5.566257061213584,2.0
1625,5.555078222402775,2.0
1626,5.6741634183244685,3.0
1627,5.567676465998859,2.0
1628,5.564535484629626,2.0
1629,5.8150790072997545,3.0
1630,5.570596217371994,2.0
1631,5.574456465413561,2.0
1632,5.548467438220535,2.0
1633,5.565217105161049,2.0
1634,5.643121667169293,3.0
1635,5.570161172711679,2.0
1636,5.478640466011233,1.0
1637,5.553545147396142,2.0
1638,5.507940444430461,2.0
1639,5.604523111730323,3.0
1640,5.607597910816247,3.0
1641,5.495465831873555,1.0
1642,5.657635447096609,3.0
1643,5.4672641270656674,1.0
1644,5.546171937275009,2.0
1645,5.65300124140115,3.0
1646,5.479159040941768,1.0
1647,5.533818843670045,2.0
1648,5.877600330616851,3.0
1649,5.483830437579258,1.0
1650,5.549349223916415,2.0
1651,5.661711637313314,3.0
1652,5.459737216109055,1.0
1653,5.779956950939055,3.0
1654,5.453495492293593,1.0
1655,5.802137767666289,3.0
1656,5.453731257036953,1.0
1657,5.761014178990139,3.0
1658,5.548956335783117,2.0
1659,5.482241528775772,1.0
1660,5.438882467346128,1.0
1661,5.662020776329007,3.0
1662,5.760916491932907,3.0
1663,5.472577168190469,1.0
1664,5.4814439514297035,1.0
1665,5.719136466084714,3.0
1666,5.601241891165493,3.0
1667,5.542106326348662,2.0
1668,5.60334139513611,3.0
1669,5.842380013362911,3.0
1670,5.524341777429937,2.0
1671,5.839215767713649,3.0
1672,5.598586552806176,2.0
1673,5.753613733024987,3.0
1674,5.649997457299553,3.0
1675,5.471662900646057,1.0
1676,5.488441585918451,1.0
1677,5.64209370806778,3.0
1678,5.803998890283129,3.0
1679,5.586053029611455,2.0
1680,5.481117304253698,1.0
1681,5.54992962518178,2.0
1682,5.440141121141119,1.0
1683,5.490170467157161,1.0
1684,5.5952397015247515,2.0
1685,5.606701735928751,3.0
1686,5.463675987743409,1.0
1687,5.552542811858216,2.0
1688,5.563277078000455,2.0
1689,5.628745197980405,3.0
1690,5.714457224156195,3.0
1691,5.510512688939088,2.0
1692,5.473566241082552,1.0
1693,5.50960379481314,2.0
1694,5.920160157833493,3.0
1695,5.472519422124116,1.0
1696,5.551246074961791,2.0
1697,5.502792016894692,2.0
1698,5.552225937548135,2.0
1699,5.466190656832228,1.0
1700,5.555803474970843,2.0
1701,5.5700558777504785,2.0
1702,5.471628803728334,1.0
1703,5.548596827481872,2.0
1704,5.599851869861527,2.0
1705,5.786123813465345,3.0
1706,5.566273067355579,2.0
1707,5.557195500493454,2.0
1708,5.697952138275067,3.0
1709,5.485304044628354,1.0
1710,5.712151432117663,3.0
1711,5.765355434577106,3.0
1712,5.917598509051169,3.0
1713,5.543390044068317,2.0
1714,5.511002319771602,2.0
1715,5.531042746085866,2.0
1716,5.531211050971872,2.0
1717,5.72195468636802,3.0
1718,5.806622346839221,3.0
1719,5.472166417951593,1.0
1720,5.44915442471683,1.0
1721,5.632778157463803,3.0
1722,5.5252923579612245,2.0
1723,5.725976919011075,3.0
1724,5.722198737681229,3.0
1725,5.481434174773855,1.0
1726,5.438320677343284,1.0
1727,5.706819910116635,3.0
1728,5.616628283315218,3.0
1729,5.529946606172842,2.0
1730,5.457191612181129,1.0
1731,5.557357512056893,2.0
1732,5.778092780210422,3.0
1733,5.745786485957992,3.0
1734,5.46989416137245,1.0
1735,5.547095060131258,2.0
1736,5.484887212336497,1.0
1737,5.487595664778596,1.0
1738,5.677247034594844,3.0
1739,5.548205261724263,2.0
1740,5.60906178730735,3.0
1741,5.7349185104976055,3.0
1742,5.5206721072131995,2.0
1743,5.47345345701482,1.0
1744,5.584697419579041,2.0
1745,5.732470756432787,3.0
1746,5.949592865540442,3.0
1747,5.61507371448315,3.0
1748,5.691233255248594,3.0
1749,5.612503095337203,3.0
1750,5.669217542107948,3.0
1751,5.424986873029149,1.0
1752,5.520579445206346,2.0
1753,5.797779672078907,3.0
1754,5.666144894334924,3.0
1755,5.474719691331064,1.0
1756,5.435629961275897,1.0
1757,5.706244724459429,3.0
1758,5.865709763340015,3.0
1759,5.529606601553016,2.0
1760,5.926877929261572,3.0
1761,5.615206556399405,3.0
1762,5.7125691132188505,3.0
1763,5.840096057957991,3.0
1764,5.489896738053412,1.0
1765,5.457351456272584,1.0
1766,5.544698070031228,2.0
1767,5.478879267584147,1.0
1768,5.6413964868400335,3.0
1769,5.45643808805407,1.0
1770,5.522854912216098,2.0
1771,5.7245356234730265,3.0
1772,5.858461190508017,3.0
1773,5.747859033135073,3.0
1774,5.485192578042794,1.0
1775,5.466539211586799,1.0
1776,5.506668632444233,2.0
1777,5.577270290812257,2.0
1778,5.479283963949519,1.0
1779,5.547399568948124,2.0
1780,5.612745098817658,3.0
1781,5.774753411817354,3.0
1782,5.616554334875353,3.0
1783,5.528155805832014,2.0
1784,5.503586643435781,2.0
1785,5.685934870231801,3.0
1786,5.521671093312541,2.0
1787,5.466033178357819,1.0
1788,5.47495909964157,1.0
1789,5.59566853991404,2.0
1790,5.536636746206948,2.0
1791,5.458946266973932,1.0
1792,5.616341779275712,3.0
1793,5.688738394092587,3.0
1794,5.499183081880094,1.0
1795,5.52148672894183,2.0
1796,5.7680991097864,3.0
1797,5.526872140665017,2.0
1798,5.507928812496992,2.0
1799,5.573208657386774,2.0
1800,5.47523538251339,1.0
1801,5.454867288268183,1.0
1802,5.493979395044876,1.0
1803,5.485971658733513,1.0
1804,5.496363918473014,1.0
1805,5.460574709465836,1.0
1806,5.476553747125901,1.0
1807,5.641268484839189,3.0
1808,5.642207533391026,3.0
1809,5.489315200029023,1.0
1810,5.64766443644509,3.0
1811,5.465998856072621,1.0
1812,5.747738890295707,3.0
1813,5.666980255824582,3.0
1814,5.50943454495795,2.0
1815,5.64554432752515,3.0
1816,5.636480005597792,3.0
1817,5.58715561372115,2.0
1818,5.510380907929454,2.0
1819,5.458023658447735,1.0
1820,5.492616522085279,1.0
1821,5.624583614546617,3.0
1822,5.534791982796887,2.0
1823,5.453694639664843,1.0
1824,5.461788308925915,1.0
1825,5.684946291159974,3.0
1826,5.4493588583889805,1.0
1827,5.6235673024388815,3.0
1828,5.595311183980805,2.0
1829,5.604793657197319,3.0
1830,5.47886106718633,1.0
1831,5.776570116428204,3.0
1832,5.447208014499381,1.0
1833,5.524555727381474,2.0
1834,5.6078686267778615,3.0
1835,5.499377364936152,1.0
1836,5.44722318925601,1.0
1837,5.582809319966475,2.0
1838,5.703199154700314,3.0
1839,5.6412736655026094,3.0
1840,5.6147618561472825,3.0
1841,5.4910582852581,1.0
1842,5.69433211425037,3.0
1843,5.572178914525147,2.0
1844,5.699072012911292,3.0
1845,5.495499589612825,1.0
1846,5.633962844944879,3.0
1847,5.819079027839839,3.0
1848,5.596110252069945,2.0
1849,5.631864401636334,3.0
1850,5.5463609392669015,2.0
1851,5.469404539701324,1.0
1852,5.543712426761594,2.0
1853,5.849232788604201,3.0
1854,5.568680218209561,2.0
1855,5.716340738217709,3.0
1856,5.720916237518288,3.0
1857,5.629409915301917,3.0
1858,5.53608224143205,2.0
1859,5.616171328312008,3.0
1860,5.4517932912797695,1.0
1861,5.563177738664423,2.0
1862,5.501470171307148,2.0
1863,5.611090948252302,3.0
1864,5.72726101181814,3.0
1865,5.520983404695738,2.0
1866,5.48600177331749,1.0
1867,5.587229723844527,2.0
1868,5.503607277556441,2.0
1869,5.448499433905908,1.0
1870,5.679282142675561,3.0
1871,5.505323307973548,2.0
1872,5.46676648099668,1.0
1873,5.727381580329645,3.0
1874,5.500349979628607,2.0
1875,5.751522923531735,3.0
1876,5.745373451520413,3.0
1877,5.505488373026193,2.0
1878,5.504943062800552,2.0
1879,5.6719782319411225,3.0
1880,5.55988209079678,2.0
1881,5.470540096690258,1.0
1882,5.449241191422345,1.0
1883,5.503131026028854,2.0
1884,5.490741804164431,1.0
1885,5.574262242611749,2.0
1886,5.49943801139594,1.0
1887,5.715695152211442,3.0
1888,5.65114914888994,3.0
1889,5.6337844024081125,3.0
1890,5.467155874711667,1.0
1891,5.698455208795159,3.0
1892,5.476060717120948,1.0
1893,5.4445740658852015,1.0
1894,5.75608052347261,3.0
1895,5.546342267712344,2.0
1896,5.555857079061631,2.0
1897,5.591431671608791,2.0
1898,5.533723981797528,2.0
1899,5.436775434363535,1.0
1900,5.464748618271728,1.0
1901,5.6210820350214314,3.0
1902,5.499981401875176,1.0
1903,5.500155244787329,2.0
1904,5.605557730657992,3.0
1905,5.6865037647899825,3.0
1906,5.740114346847995,3.0
1907,5.528939532176671,2.0
1908,5.445963542318603,1.0
1909,5.4965696990502355,1.0
1910,5.677190618321769,3.0
1911,5.462444886900028,1.0
1912,5.572096638232974,2.0
1913,5.446141817362269,1.0
1914,5.613695394899973,3.0
1915,5.5246866049408805,2.0
1916,5.476716959319392,1.0
1917,5.59671757685525,2.0
1918,5.4410565265765625,1.0
1919,5.551043061137266,2.0
1920,5.486626629387379,1.0
1921,5.477584845344641,1.0
1922,5.496740403785351,1.0
1923,5.598825895061017,2.0
1924,5.6020540718295635,3.0
1925,5.646102943284857,3.0
1926,5.55785106011891,2.0
1927,5.583776683594721,2.0
1928,5.634463757231764,3.0
1929,5.668704659027026,3.0
1930,5.931909659516698,3.0
1931,5.705094642535587,3.0
1932,5.459852481518358,1.0
1933,5.449878451085142,1.0
1934,5.533972247685742,2.0
1935,5.4455201449834325,1.0
1936,5.630987318722763,3.0
1937,5.892524376374319,3.0
1938,5.669182663376723,3.0
1939,5.5333611769125755,2.0
1940,5.501480348460281,2.0
1941,5.452122895451904,1.0
1942,5.608364571862887,3.0
1943,5.484686054653205,1.0
1944,5.7780312034747165,3.0
1945,5.610895993295923,3.0
1946,5.439626725199597,1.0
1947,5.637147943757808,3.0
1948,5.7663063613964445,3.0
1949,5.631451841730231,3.0
1950,5.510354062916025,2.0
1951,5.470840052195464,1.0
1952,5.464462232554847,1.0
1953,5.464677777546911,1.0
1954,5.432824066818342,1.0
1955,5.4629891443877,1.0
1956,5.488154134972148,1.0
1957,5.8028273603229845,3.0
1958,5.605303870750619,3.0
1959,5.487449166589452,1.0
1960,5.757827511064063,3.0
1961,5.476794020475772,1.0
1962,5.615895606591051,3.0
1963,5.493306703790412,1.0
1964,5.48076882046188,1.0
1965,5.822726973792904,3.0
1966,5.627407051686008,3.0
1967,5.700451617558411,3.0
1968,5.630658414330543,3.0
1969,5.4672344513181415,1.0
1970,5.479217496041235,1.0
1971,5.5967236857119245,2.0
1972,5.4985874298043775,1.0
1973,5.48598471196733,1.0
1974,5.677602276853051,3.0
1975,5.444830125743806,1.0
1976,5.449023923212649,1.0
1977,5.465371586250603,1.0
1978,5.8499543855331995,3.0
1979,5.45695919020914,1.0
1980,5.513711894104256,2.0
1981,5.5075894046888285,2.0
1982,5.631664813203272,3.0
1983,5.658700678931559,3.0
1984,5.529880796009583,2.0
1985,5.872893476683589,3.0
1986,5.661539730716503,3.0
1987,5.698999873504768,3.0
1988,5.44678857276285,1.0
1989,5.630885451336643,3.0
1990,5.441737606758283,1.0
1991,5.486889360160008,1.0
1992,5.475641272468728,1.0
1993,5.583489619108576,2.0
1994,5.608289816258541,3.0
1995,5.694841858809585,3.0
1996,5.470512468747283,1.0
1997,5.509839874914545,2.0
1998,5.4516861559098615,1.0
1999,5.7699795399734715,3.0
2000,5.705036001004976,3.0
2001,5.50084996529395,2.0
2002,5.72428040555588,3.0
2003,5.664869451996302,3.0
2004,5.4508503396506,1.0
2005,5.623022253829784,3.0
2006,5.581470421675513,2.0
2007,5.536401409533679,2.0
2008,5.502981529539021,2.0
2009,5.714772387940515,3.0
2010,5.568220751484356,2.0
2011,5.474709081482601,1.0
2012,5.6721497545435815,3.0
2013,5.465403053516659,1.0
2014,5.4368968003180544,1.0
2015,5.45622372175027,1.0
2016,5.682675474264125,3.0
2017,5.547229495925282,2.0
2018,5.457300376718436,1.0
2019,5.480598643941144,1.0
2020,5.642058400273246,3.0
2021,5.488450149061317,1.0
2022,5.482907214229201,1.0
2023,5.5175862013948125,2.0
2024,5.537632869291356,2.0
2025,5.715313461808403,3.0
2026,5.542467979158166,2.0
2027,5.762292348948404,3.0
2028,5.466066382704547,1.0
2029,5.646481182917081,3.0
2030,5.455467983837718,1.0
2031,5.529120600656455,2.0
2032,5.58966446716824,2.0
2033,5.718987950996828,3.0
2034,5.459136475501194,1.0
2035,5.616993114484509,3.0
2036,5.586123413900367,2.0
2037,5.490021020403179,1.0
2038,5.50435314511194,2.0
2039,5.538635835416351,2.0
2040,5.629123658143146,3.0
2041,5.566112889742085,2.0
2042,5.725992319956355,3.0
2043,5.660554491911394,3.0
2044,5.589088817138799,2.0
2045,5.737442079600446,3.0
2046,5.813676418243624,3.0
2047,5.634950634602389,3.0
2048,5.478242872607091,1.0
2049,5.622798567653042,3.0
2050,5.846376415303005,3.0
2051,5.498110754151233,1.0
2052,5.464749301161166,1.0
2053,5.621233445552812,3.0
2054,5.77762643468531,3.0
2055,5.483365896365114,1.0
2056,5.472124976557318,1.0
2057,5.4622318243302965,1.0
2058,5.6221509024649485,3.0
2059,5.84285549713341,3.0
2060,5.501714387029108,2.0
2061,5.623527488889458,3.0
2062,5.821867721425451,3.0
2063,5.57022384223494,2.0
2064,5.6770253693472466,3.0
2065,5.718034180030537,3.0
2066,5.56573044162008,2.0
2067,5.785757321282633,3.0
2068,5.7329971378900675,3.0
2069,5.779743290965985,3.0
2070,5.5966170437804355,2.0
2071,5.533733388041713,2.0
2072,5.595281423701624,2.0
2073,5.466282048540581,1.0
2074,5.883089120531857,3.0
2075,5.4966978825351545,1.0
2076,5.737411759575288,3.0
2077,5.578402726428394,2.0
2078,5.511027496757993,2.0
2079,5.746109111299064,3.0
2080,5.508627861797947,2.0
2081,5.443688612973075,1.0
2082,5.488874333916102,1.0
2083,5.727195231146273,3.0
2084,5.455694340687839,1.0
2085,5.730052823065038,3.0
2086,5.46271635508168,1.0
2087,5.466028520146652,1.0
2088,5.417561520657697,1.0
2089,5.50528460044336,2.0
2090,5.565374244088225,2.0
2091,5.560642367757449,2.0
2092,5.578996727327436,2.0
2093,5.832909922281192,3.0
2094,5.650214804473283,3.0
2095,5.720662802385462,3.0
2096,5.540380614482949,2.0
2097,5.751100150627301,3.0
2098,5.479406949189403,1.0
2099,5.735638154444552,3.0
2100,5.485994520472809,1.0
2101,5.520484845099717,2.0
2102,5.6516866302269015,3.0
2103,5.503452524550073,2.0
2104,5.514473717671151,2.0
2105,5.472356961141552,1.0
2106,5.639140066445234,3.0
2107,5.594358141746835,2.0
2108,5.574948247750652,2.0
2109,5.586252644578101,2.0
2110,5.588513041556838,2.0
2111,5.516328065820006,2.0
2112,5.591267708533087,2.0
2113,5.500437888941033,2.0
2114,5.494349779711505,1.0
2115,5.520737756815538,2.0
2116,5.61252653815881,3.0
2117,5.512715394855407,2.0
2118,5.4695347050307115,1.0
2119,5.585002056124765,2.0
2120,5.579512587900506,2.0
2121,5.768190445927202,3.0
2122,5.553898980881959,2.0
2123,5.599614453386998,2.0
2124,5.619364998631607,3.0
2125,5.459168762142854,1.0
2126,5.726779792271465,3.0
2127,5.642570738295169,3.0
2128,5.7000731853175335,3.0
2129,5.531108660311571,2.0
2130,5.47186894630103,1.0
2131,5.616483741766239,3.0
2132,5.646598233329993,3.0
2133,5.601534814172341,3.0
2134,5.4515705276138515,1.0
2135,5.672685523744759,3.0
2136,5.437378567841601,1.0
2137,5.4587305623632245,1.0
2138,5.629740053786768,3.0
2139,5.607097810578427,3.0
2140,5.633513246312064,3.0
2141,5.493277398036021,1.0
2142,5.638793400399434,3.0
2143,5.457566169084744,1.0
2144,5.534242657517359,2.0
2145,5.537074682475362,2.0
2146,5.639284506643477,3.0
2147,5.667864749224285,3.0
